Date,State,Demand,Treated,Post
2020-04-15,Maharashtra,395.0,1,0
2020-04-16,Maharashtra,402.2,1,0
2020-04-17,Maharashtra,401.9,1,0
2020-04-18,Maharashtra,400.2,1,0
2020-04-19,Maharashtra,380.5,1,0
2020-04-20,Maharashtra,388.6,1,0
2020-04-21,Maharashtra,399.1,1,0
2020-04-22,Maharashtra,405.7,1,0
2020-04-23,Maharashtra,410.2,1,0
2020-04-24,Maharashtra,412.7,1,0
2020-04-25,Maharashtra,404.4,1,0
2020-04-27,Maharashtra,405.7,1,0
2020-04-28,Maharashtra,408.1,1,0
2020-04-29,Maharashtra,408.8,1,0
2020-04-30,Maharashtra,405.1,1,0
2020-05-01,Maharashtra,400.2,1,0
2020-05-02,Maharashtra,409.9,1,0
2020-05-03,Maharashtra,414.1,1,0
2020-05-04,Maharashtra,416.5,1,0
2020-05-05,Maharashtra,421.3,1,0
2020-05-06,Maharashtra,431.5,1,0
2020-05-07,Maharashtra,427.2,1,0
2020-05-08,Maharashtra,428.6,1,0
2020-05-09,Maharashtra,432.1,1,0
2020-05-10,Maharashtra,407.7,1,0
2020-05-11,Maharashtra,392.5,1,0
2020-05-13,Maharashtra,421.3,1,0
2020-05-14,Maharashtra,411.2,1,0
2020-05-15,Maharashtra,405.4,1,0
2020-05-16,Maharashtra,405.1,1,0
2020-05-17,Maharashtra,404.9,1,0
2020-05-18,Maharashtra,418.3,1,0
2020-05-19,Maharashtra,420.9,1,0
2020-05-20,Maharashtra,426.2,1,0
2020-05-21,Maharashtra,434.5,1,0
2020-05-22,Maharashtra,442.1,1,0
2020-05-23,Maharashtra,443.5,1,0
2020-05-24,Maharashtra,447.4,1,0
2020-05-25,Maharashtra,457.9,1,0
2020-05-26,Maharashtra,462.7,1,0
2020-05-27,Maharashtra,460.7,1,0
2020-05-28,Maharashtra,457.3,1,0
2020-05-29,Maharashtra,462.6,1,0
2020-05-30,Maharashtra,461.3,1,0
2020-05-31,Maharashtra,443.4,1,0
2020-06-01,Maharashtra,388.3,1,1
2020-06-02,Maharashtra,374.1,1,1
2020-06-03,Maharashtra,288.2,1,1
2020-06-04,Maharashtra,283.6,1,1
2020-06-05,Maharashtra,335.2,1,1
2020-06-06,Maharashtra,357.0,1,1
2020-06-07,Maharashtra,366.4,1,1
2020-06-08,Maharashtra,385.6,1,1
2020-06-09,Maharashtra,405.9,1,1
2020-06-10,Maharashtra,407.8,1,1
2020-06-11,Maharashtra,389.4,1,1
2020-06-12,Maharashtra,374.9,1,1
2020-06-13,Maharashtra,366.4,1,1
2020-06-14,Maharashtra,353.0,1,1
2020-06-15,Maharashtra,364.1,1,1
2020-06-16,Maharashtra,362.4,1,1
2020-06-17,Maharashtra,356.0,1,1
2020-06-18,Maharashtra,353.9,1,1
2020-06-19,Maharashtra,356.7,1,1
2020-06-20,Maharashtra,370.5,1,1
2020-06-21,Maharashtra,367.4,1,1
2020-06-22,Maharashtra,388.6,1,1
2020-06-24,Maharashtra,412.3,1,1
2020-06-25,Maharashtra,420.1,1,1
2020-06-26,Maharashtra,389.8,1,1
2020-06-27,Maharashtra,387.0,1,1
2020-06-28,Maharashtra,371.0,1,1
2020-06-29,Maharashtra,376.5,1,1
2020-07-02,Maharashtra,374.5,1,1
2020-07-03,Maharashtra,372.9,1,1
2020-07-04,Maharashtra,365.3,1,1
2020-07-05,Maharashtra,343.1,1,1
2020-07-06,Maharashtra,353.3,1,1
2020-07-07,Maharashtra,359.8,1,1
2020-07-08,Maharashtra,365.6,1,1
2020-07-09,Maharashtra,366.3,1,1
2020-07-10,Maharashtra,363.2,1,1
2020-07-11,Maharashtra,370.0,1,1
2020-07-12,Maharashtra,364.4,1,1
2020-07-13,Maharashtra,375.9,1,1
2020-07-14,Maharashtra,373.3,1,1
2020-07-15,Maharashtra,365.1,1,1
2020-07-16,Maharashtra,352.3,1,1
2020-07-17,Maharashtra,355.7,1,1
2020-07-18,Maharashtra,366.6,1,1
2020-07-19,Maharashtra,367.5,1,1
2020-07-20,Maharashtra,382.3,1,1
2020-07-21,Maharashtra,386.1,1,1
2020-07-22,Maharashtra,389.2,1,1
2020-07-23,Maharashtra,381.7,1,1
2020-07-24,Maharashtra,363.7,1,1
2020-07-25,Maharashtra,362.2,1,1
2020-07-26,Maharashtra,357.6,1,1
2020-07-27,Maharashtra,376.6,1,1
2020-07-28,Maharashtra,385.9,1,1
2020-07-29,Maharashtra,384.8,1,1
2020-07-30,Maharashtra,386.9,1,1
2020-07-31,Maharashtra,383.9,1,1
2020-04-15,Gujarat,261.7,0,0
2020-04-16,Gujarat,264.5,0,0
2020-04-17,Gujarat,269.0,0,0
2020-04-18,Gujarat,263.7,0,0
2020-04-19,Gujarat,261.3,0,0
2020-04-20,Gujarat,265.8,0,0
2020-04-21,Gujarat,268.0,0,0
2020-04-22,Gujarat,275.8,0,0
2020-04-23,Gujarat,278.9,0,0
2020-04-24,Gujarat,280.6,0,0
2020-04-25,Gujarat,275.4,0,0
2020-04-27,Gujarat,286.2,0,0
2020-04-28,Gujarat,291.0,0,0
2020-04-29,Gujarat,294.3,0,0
2020-04-30,Gujarat,296.2,0,0
2020-05-01,Gujarat,292.6,0,0
2020-05-02,Gujarat,295.5,0,0
2020-05-03,Gujarat,289.9,0,0
2020-05-04,Gujarat,294.1,0,0
2020-05-05,Gujarat,294.8,0,0
2020-05-06,Gujarat,300.2,0,0
2020-05-07,Gujarat,303.6,0,0
2020-05-08,Gujarat,304.0,0,0
2020-05-09,Gujarat,302.8,0,0
2020-05-10,Gujarat,299.7,0,0
2020-05-11,Gujarat,305.2,0,0
2020-05-13,Gujarat,301.9,0,0
2020-05-14,Gujarat,303.4,0,0
2020-05-15,Gujarat,306.3,0,0
2020-05-16,Gujarat,306.5,0,0
2020-05-17,Gujarat,299.7,0,0
2020-05-18,Gujarat,303.5,0,0
2020-05-19,Gujarat,307.0,0,0
2020-05-20,Gujarat,308.6,0,0
2020-05-21,Gujarat,316.6,0,0
2020-05-22,Gujarat,317.1,0,0
2020-05-23,Gujarat,315.2,0,0
2020-05-24,Gujarat,312.2,0,0
2020-05-25,Gujarat,319.8,0,0
2020-05-26,Gujarat,323.1,0,0
2020-05-27,Gujarat,321.1,0,0
2020-05-28,Gujarat,321.5,0,0
2020-05-29,Gujarat,323.9,0,0
2020-05-30,Gujarat,326.6,0,0
2020-05-31,Gujarat,319.2,0,0
2020-06-01,Gujarat,325.4,0,1
2020-06-02,Gujarat,314.4,0,1
2020-06-03,Gujarat,301.9,0,1
2020-06-04,Gujarat,298.3,0,1
2020-06-05,Gujarat,288.9,0,1
2020-06-06,Gujarat,279.5,0,1
2020-06-07,Gujarat,261.7,0,1
2020-06-08,Gujarat,271.0,0,1
2020-06-09,Gujarat,279.5,0,1
2020-06-10,Gujarat,289.1,0,1
2020-06-11,Gujarat,281.9,0,1
2020-06-12,Gujarat,288.0,0,1
2020-06-13,Gujarat,273.4,0,1
2020-06-14,Gujarat,263.5,0,1
2020-06-15,Gujarat,274.0,0,1
2020-06-16,Gujarat,295.2,0,1
2020-06-17,Gujarat,293.0,0,1
2020-06-18,Gujarat,304.4,0,1
2020-06-19,Gujarat,313.9,0,1
2020-06-20,Gujarat,317.2,0,1
2020-06-21,Gujarat,296.1,0,1
2020-06-22,Gujarat,306.1,0,1
2020-06-24,Gujarat,311.5,0,1
2020-06-25,Gujarat,311.2,0,1
2020-06-26,Gujarat,317.6,0,1
2020-06-27,Gujarat,321.5,0,1
2020-06-28,Gujarat,318.3,0,1
2020-06-29,Gujarat,332.3,0,1
2020-07-02,Gujarat,315.8,0,1
2020-07-03,Gujarat,323.0,0,1
2020-07-04,Gujarat,312.8,0,1
2020-07-05,Gujarat,280.3,0,1
2020-07-06,Gujarat,269.0,0,1
2020-07-07,Gujarat,261.2,0,1
2020-07-08,Gujarat,262.4,0,1
2020-07-09,Gujarat,270.8,0,1
2020-07-10,Gujarat,276.2,0,1
2020-07-11,Gujarat,271.9,0,1
2020-07-12,Gujarat,254.1,0,1
2020-07-13,Gujarat,272.2,0,1
2020-07-14,Gujarat,288.3,0,1
2020-07-15,Gujarat,286.2,0,1
2020-07-16,Gujarat,273.0,0,1
2020-07-17,Gujarat,277.4,0,1
2020-07-18,Gujarat,282.9,0,1
2020-07-19,Gujarat,281.3,0,1
2020-07-20,Gujarat,290.2,0,1
2020-07-21,Gujarat,307.4,0,1
2020-07-22,Gujarat,313.5,0,1
2020-07-23,Gujarat,321.1,0,1
2020-07-24,Gujarat,327.0,0,1
2020-07-25,Gujarat,305.4,0,1
2020-07-26,Gujarat,288.4,0,1
2020-07-27,Gujarat,308.3,0,1
2020-07-28,Gujarat,320.8,0,1
2020-07-29,Gujarat,323.9,0,1
2020-07-30,Gujarat,322.8,0,1
2020-07-31,Gujarat,316.8,0,1
